g4205a,A42G,E104K,M182T,G238S,rep1,rep2,rep3
0,0,0,0,0,0.088,0.088,0.088
0,0,0,0,1,1.4,1.4,1.4
0,0,0,1,0,0.088,0.063,0.063
0,0,0,1,1,32,32,32
0,0,1,0,0,0.13,0.088,0.18
0,0,1,0,1,360,360,360
0,0,1,1,0,0.18,0.13,0.18
0,0,1,1,1,360,360,360
0,1,0,0,0,0.088,0.088,0.088
0,1,0,0,1,23,23,23
0,1,0,1,0,1.4,1.4,1.4
0,1,0,1,1,360,360,360
0,1,1,0,0,1.4,1.4,1.4
0,1,1,0,1,2100,2100,2100
0,1,1,1,0,1,0.71,0.71
0,1,1,1,1,2900,2900,2900
1,0,0,0,0,0.088,0.088,0.088
1,0,0,0,1,1.4,1.4,1.4
1,0,0,1,0,0.088,0.088,0.088
1,0,0,1,1,360,360,360
1,0,1,0,0,0.18,0.18,0.18
1,0,1,0,1,360,360,360
1,0,1,1,0,0.18,0.18,0.18
1,0,1,1,1,2100,2100,2100
1,1,0,0,0,0.088,0.088,0.088
1,1,0,0,1,360,360,360
1,1,0,1,0,0.088,0.088,0.088
1,1,0,1,1,360,360,360
1,1,1,0,0,1.4,2.8,2
1,1,1,0,1,1500,2100,1500
1,1,1,1,0,1.4,1.4,1.4
1,1,1,1,1,4100,4100,4100
