g,p,r,s,t,function
0,0,0,0,0,1
0,0,1,0,0,1.012
0,0,0,0,1,1.142
0,0,0,1,0,1.105
1,0,0,0,0,1.027
0,1,0,0,0,1
0,0,1,0,1,1.103
0,0,1,1,0,1.118
1,0,1,0,0,1.047
0,1,1,0,0,1.022
0,0,0,1,1,1.205
1,0,0,0,1,1.149
0,1,0,0,1,1.193
1,0,0,1,0,1.124
0,1,0,1,0,1.185
1,1,0,0,0,1.075
0,0,1,1,1,1.197
1,0,1,0,1,1.158
0,1,1,0,1,1.189
1,0,1,1,0,1.124
0,1,1,1,0,1.204
1,1,1,0,0,1.126
1,0,0,1,1,1.201
0,1,0,1,1,1.28
1,1,0,0,1,1.216
1,1,0,1,0,1.186
1,0,1,1,1,1.228
0,1,1,1,1,1.277
1,1,1,0,1,1.19
1,1,1,1,0,1.212
1,1,0,1,1,1.3
1,1,1,1,1,1.328
